sector,frequency,year,annual_return,trading_days
Auto,monthly,2017,0.5092765083397062,248
Auto,monthly,2018,-0.17582291656717175,246
Auto,monthly,2019,-0.041969652099779986,245
Auto,monthly,2020,0.2351240443062994,252
Auto,monthly,2021,0.2525962645759161,248
Auto,monthly,2022,0.1079645002279419,248
Auto,monthly,2023,0.435465914036282,246
Auto,monthly,2024,0.08783602264766466,249
Auto,monthly,2025,0.30592605542303364,249
Auto,monthly,2026,-0.004303588910660183,11
Auto,quarterly,2017,0.6143596006790737,248
Auto,quarterly,2018,-0.18796217314696761,246
Auto,quarterly,2019,-0.05642445949940689,245
Auto,quarterly,2020,0.31113928232205423,252
Auto,quarterly,2021,0.19292795586739753,248
Auto,quarterly,2022,0.11439462508415321,248
Auto,quarterly,2023,0.4338187790725203,246
Auto,quarterly,2024,0.1414730549742158,249
Auto,quarterly,2025,0.29987871768642615,249
Auto,quarterly,2026,-0.004303588910660183,11
Auto,half_yearly,2017,0.652707332423369,248
Auto,half_yearly,2018,-0.20518947101958107,246
Auto,half_yearly,2019,-0.10744910111181749,245
Auto,half_yearly,2020,0.10179253544424971,252
Auto,half_yearly,2021,0.2868313265415492,248
Auto,half_yearly,2022,0.10257250885618974,248
Auto,half_yearly,2023,0.43118850414731824,246
Auto,half_yearly,2024,0.12958950767879318,249
Auto,half_yearly,2025,0.27080739532345244,249
Auto,half_yearly,2026,-0.011650744674564839,11
Auto,yearly,2017,0.643172877680317,248
Auto,yearly,2018,-0.1574900206626263,246
Auto,yearly,2019,-0.031650442530453016,245
Auto,yearly,2020,0.20654241970635634,252
Auto,yearly,2021,0.19742757581477144,248
Auto,yearly,2022,0.10200820275573785,248
Auto,yearly,2023,0.38844823656886684,246
Auto,yearly,2024,0.11559785842362436,249
Auto,yearly,2025,0.19742542084261805,249
Auto,yearly,2026,-0.004303588910660183,11
Banking,monthly,2018,-0.04300778675792172,127
Banking,monthly,2019,0.16880682911965517,245
Banking,monthly,2020,-0.07405663229262704,252
Banking,monthly,2021,0.08754556928192936,248
Banking,monthly,2022,0.2916724779834188,248
Banking,monthly,2023,0.1689246822834798,246
Banking,monthly,2024,-0.043321023290959104,249
Banking,monthly,2025,0.30798161164662385,249
Banking,monthly,2026,-0.12812819220075744,11
Banking,quarterly,2018,0.025963568995683417,127
Banking,quarterly,2019,0.1793796980476141,245
Banking,quarterly,2020,0.05386822374597022,252
Banking,quarterly,2021,0.13405366956779852,248
Banking,quarterly,2022,0.2638270649540444,248
Banking,quarterly,2023,0.20255029564035376,246
Banking,quarterly,2024,-0.10089487618496895,249
Banking,quarterly,2025,0.28497056584508074,249
Banking,quarterly,2026,-0.12812819220075744,11
Banking,half_yearly,2018,0.03980885126215461,127
Banking,half_yearly,2019,0.2228351162829707,245
Banking,half_yearly,2020,0.15849393582118587,252
Banking,half_yearly,2021,0.0677173904693793,248
Banking,half_yearly,2022,0.24401923027678896,248
Banking,half_yearly,2023,0.23495639382398448,246
Banking,half_yearly,2024,-0.08305900593560411,249
Banking,half_yearly,2025,0.2979697878036296,249
Banking,half_yearly,2026,-0.2143194647952259,11
Banking,yearly,2018,0.05137406736244232,127
Banking,yearly,2019,0.23224897450418203,245
Banking,yearly,2020,0.03388704970633305,252
Banking,yearly,2021,0.13136526686720984,248
Banking,yearly,2022,0.27967120539926715,248
Banking,yearly,2023,0.17058715240459543,246
Banking,yearly,2024,-0.06422612420622187,249
Banking,yearly,2025,0.34228317664221497,249
Banking,yearly,2026,-0.12812819220075744,11
Consumer Durable,monthly,2017,0.05976064513545354,11
Consumer Durable,monthly,2018,-0.07280185314052623,246
Consumer Durable,monthly,2019,0.4235600642512556,245
Consumer Durable,monthly,2020,0.8152497495770745,252
Consumer Durable,monthly,2021,0.5945398405945683,248
Consumer Durable,monthly,2022,-0.07627390769030074,248
Consumer Durable,monthly,2023,0.07603262813374068,246
Consumer Durable,monthly,2024,0.1701650347123438,249
Consumer Durable,monthly,2025,-0.25016989142997326,249
Consumer Durable,monthly,2026,-0.005017241723851318,11
Consumer Durable,quarterly,2017,0.05976064513545354,11
Consumer Durable,quarterly,2018,-0.07663686721818441,246
Consumer Durable,quarterly,2019,0.4357598101464648,245
Consumer Durable,quarterly,2020,0.6898294460015024,252
Consumer Durable,quarterly,2021,0.5169180958330477,248
Consumer Durable,quarterly,2022,-0.08195978818518779,248
Consumer Durable,quarterly,2023,0.03214781781674336,246
Consumer Durable,quarterly,2024,0.2667273893849871,249
Consumer Durable,quarterly,2025,-0.20192124024098923,249
Consumer Durable,quarterly,2026,-0.005017241723851318,11
Consumer Durable,half_yearly,2017,0.05976064513545354,11
Consumer Durable,half_yearly,2018,-0.08127191654461052,246
Consumer Durable,half_yearly,2019,0.34908656274545424,245
Consumer Durable,half_yearly,2020,0.3601547626882773,252
Consumer Durable,half_yearly,2021,0.5916185336471702,248
Consumer Durable,half_yearly,2022,-0.12797289512620058,248
Consumer Durable,half_yearly,2023,0.010247550033008812,246
Consumer Durable,half_yearly,2024,0.20271034804455934,249
Consumer Durable,half_yearly,2025,-0.19942994679667903,249
Consumer Durable,half_yearly,2026,-0.02889329657132378,11
Consumer Durable,yearly,2017,0.05976064513545354,11
Consumer Durable,yearly,2018,-0.04578760107881086,246
Consumer Durable,yearly,2019,0.32473524329131265,245
Consumer Durable,yearly,2020,0.4369559932010092,252
Consumer Durable,yearly,2021,0.5965433314009665,248
Consumer Durable,yearly,2022,-0.1391376448120457,248
Consumer Durable,yearly,2023,-0.27208520576878426,246
Consumer Durable,yearly,2024,0.1921796856385669,249
Consumer Durable,yearly,2025,-0.2951628255491423,249
Consumer Durable,yearly,2026,-0.005017241723851318,11
FMCG,monthly,2017,0.47635265933268234,248
FMCG,monthly,2018,0.3388147834135069,246
FMCG,monthly,2019,0.08166140212563544,245
FMCG,monthly,2020,0.3848977016560944,252
FMCG,monthly,2021,0.2188989126576255,248
FMCG,monthly,2022,0.03735688377430946,248
FMCG,monthly,2023,0.29883041200143157,246
FMCG,monthly,2024,0.07344653624692432,249
FMCG,monthly,2025,-0.009845022408240256,249
FMCG,monthly,2026,-0.03318220287460538,11
FMCG,quarterly,2017,0.45848526503649834,248
FMCG,quarterly,2018,0.2505313693961273,246
FMCG,quarterly,2019,0.14448871776363093,245
FMCG,quarterly,2020,0.46096885677404087,252
FMCG,quarterly,2021,0.2243218296345686,248
FMCG,quarterly,2022,0.07928537564778027,248
FMCG,quarterly,2023,0.36329362046672586,246
FMCG,quarterly,2024,0.09151585858591038,249
FMCG,quarterly,2025,-0.036980901426614254,249
FMCG,quarterly,2026,-0.03318220287460538,11
FMCG,half_yearly,2017,0.4511044247739948,248
FMCG,half_yearly,2018,0.21737602372378007,246
FMCG,half_yearly,2019,0.22988819219822787,245
FMCG,half_yearly,2020,0.37665126588610165,252
FMCG,half_yearly,2021,0.22188825105138443,248
FMCG,half_yearly,2022,0.0779276550005843,248
FMCG,half_yearly,2023,0.3033019348672643,246
FMCG,half_yearly,2024,0.11750081170392246,249
FMCG,half_yearly,2025,-0.0298246324592768,249
FMCG,half_yearly,2026,-0.007491113221612555,11
FMCG,yearly,2017,0.3913531513525339,248
FMCG,yearly,2018,0.19836162853773143,246
FMCG,yearly,2019,0.0826166580741774,245
FMCG,yearly,2020,0.36879779877059415,252
FMCG,yearly,2021,0.20731978129436812,248
FMCG,yearly,2022,0.035431170972981096,248
FMCG,yearly,2023,0.30800110570853256,246
FMCG,yearly,2024,0.031025028037938274,249
FMCG,yearly,2025,-0.022418422752791045,249
FMCG,yearly,2026,-0.03318220287460538,11
Healthcare,monthly,2017,0.06718163587076376,197
Healthcare,monthly,2018,-0.005820499476130836,246
Healthcare,monthly,2019,-0.06253847114977218,245
Healthcare,monthly,2020,1.0397403579033937,252
Healthcare,monthly,2021,0.430571930462621,248
Healthcare,monthly,2022,-0.09755379645032791,248
Healthcare,monthly,2023,0.4074280351134101,246
Healthcare,monthly,2024,0.42002564191834657,249
Healthcare,monthly,2025,-0.02503992662944765,249
Healthcare,monthly,2026,-0.03615296801594925,11
Healthcare,quarterly,2017,0.026168523507018815,197
Healthcare,quarterly,2018,-0.02403794870110454,246
Healthcare,quarterly,2019,-0.08080631970724972,245
Healthcare,quarterly,2020,1.2267553078858016,252
Healthcare,quarterly,2021,0.2520386067965239,248
Healthcare,quarterly,2022,-0.0934700884173083,248
Healthcare,quarterly,2023,0.31397086848954947,246
Healthcare,quarterly,2024,0.42612671258919166,249
Healthcare,quarterly,2025,0.09318247689694714,249
Healthcare,quarterly,2026,-0.03615296801594925,11
Healthcare,half_yearly,2017,-0.03484030181777875,197
Healthcare,half_yearly,2018,0.02192214282386229,246
Healthcare,half_yearly,2019,-0.002044929133286688,245
Healthcare,half_yearly,2020,1.23903402318235,252
Healthcare,half_yearly,2021,0.19145728352097646,248
Healthcare,half_yearly,2022,-0.12284848237827606,248
Healthcare,half_yearly,2023,0.29703526089443977,246
Healthcare,half_yearly,2024,0.3972734224443468,249
Healthcare,half_yearly,2025,-0.03773263324503495,249
Healthcare,half_yearly,2026,-0.03615296801594925,11
Healthcare,yearly,2017,0.07084247289742818,197
Healthcare,yearly,2018,0.07286222170331236,246
Healthcare,yearly,2019,0.017351167909834375,245
Healthcare,yearly,2020,1.1086248092531625,252
Healthcare,yearly,2021,0.14303398828825187,248
Healthcare,yearly,2022,-0.1463264589046892,248
Healthcare,yearly,2023,0.290627192774191,246
Healthcare,yearly,2024,0.40981670949599724,249
Healthcare,yearly,2025,-0.027101051043082247,249
Healthcare,yearly,2026,-0.03615296801594925,11
IT,monthly,2017,0.4079046025229367,248
IT,monthly,2018,0.3921141798268477,246
IT,monthly,2019,0.08010914682724102,245
IT,monthly,2020,0.7462455808587896,252
IT,monthly,2021,0.7098242937574497,248
IT,monthly,2022,-0.34198807746231286,248
IT,monthly,2023,0.4048889534152129,246
IT,monthly,2024,0.7303515348648413,249
IT,monthly,2025,-0.16493798948040572,249
IT,monthly,2026,0.03503939810477208,11
IT,quarterly,2017,0.35263250955841174,248
IT,quarterly,2018,0.38782518950913536,246
IT,quarterly,2019,0.04562649960502241,245
IT,quarterly,2020,0.7924750211873319,252
IT,quarterly,2021,0.6715486663013661,248
IT,quarterly,2022,-0.33535950699967454,248
IT,quarterly,2023,0.3281796561083141,246
IT,quarterly,2024,0.7683643392048571,249
IT,quarterly,2025,-0.208492095460581,249
IT,quarterly,2026,0.03503939810477208,11
IT,half_yearly,2017,0.359738022952913,248
IT,half_yearly,2018,0.4500159791025371,246
IT,half_yearly,2019,0.0792267496894159,245
IT,half_yearly,2020,0.7278418973467613,252
IT,half_yearly,2021,0.7510524126795874,248
IT,half_yearly,2022,-0.31024695227234345,248
IT,half_yearly,2023,0.3348792684743218,246
IT,half_yearly,2024,0.8399351575554443,249
IT,half_yearly,2025,-0.21389613383305517,249
IT,half_yearly,2026,0.033983599113020846,11
IT,yearly,2017,0.32839057447237674,248
IT,yearly,2018,0.3514796800431814,246
IT,yearly,2019,0.0676621692797521,245
IT,yearly,2020,0.731067145689621,252
IT,yearly,2021,0.8855504197437398,248
IT,yearly,2022,-0.35361814032395344,248
IT,yearly,2023,0.36412778253142597,246
IT,yearly,2024,0.7929916471011085,249
IT,yearly,2025,-0.1734087742232292,249
IT,yearly,2026,0.03503939810477208,11
Metal,monthly,2017,0.7903029992680619,248
Metal,monthly,2018,-0.3061834529550208,246
Metal,monthly,2019,-0.029924912763587774,245
Metal,monthly,2020,0.803338507043829,252
Metal,monthly,2021,1.2244067090750939,248
Metal,monthly,2022,0.49622562427306494,248
Metal,monthly,2023,0.05654576660444288,246
Metal,monthly,2024,0.08691968530893779,249
Metal,monthly,2025,0.08746882027103076,249
Metal,monthly,2026,0.05996051915912126,11
Metal,quarterly,2017,0.7221358755269771,248
Metal,quarterly,2018,-0.2673343618376718,246
Metal,quarterly,2019,0.16010958473307157,245
Metal,quarterly,2020,0.8282185731000067,252
Metal,quarterly,2021,1.327909668248234,248
Metal,quarterly,2022,0.5934981962175572,248
Metal,quarterly,2023,0.2884830540110237,246
Metal,quarterly,2024,0.09775757434908439,249
Metal,quarterly,2025,0.09883295925566626,249
Metal,quarterly,2026,0.05996051915912126,11
Metal,half_yearly,2017,0.7236343089215784,248
Metal,half_yearly,2018,-0.28897788892204024,246
Metal,half_yearly,2019,0.017834712037072542,245
Metal,half_yearly,2020,0.7134075786707592,252
Metal,half_yearly,2021,1.0802123906140246,248
Metal,half_yearly,2022,0.7499874735169565,248
Metal,half_yearly,2023,0.2963707656899033,246
Metal,half_yearly,2024,0.07996468525306377,249
Metal,half_yearly,2025,0.11888218533805728,249
Metal,half_yearly,2026,0.027957133491383512,11
Metal,yearly,2017,0.5738132638295899,248
Metal,yearly,2018,-0.23698389093665495,246
Metal,yearly,2019,0.2806815152600146,245
Metal,yearly,2020,0.3933792253632651,252
Metal,yearly,2021,1.4541301488142846,248
Metal,yearly,2022,0.2900736840857272,248
Metal,yearly,2023,0.14203078651038537,246
Metal,yearly,2024,0.07792932516131112,249
Metal,yearly,2025,0.21179982093373484,249
Metal,yearly,2026,0.05996051915912126,11
